HM Number,Normalized Western
HM-648,2.630042555
HM-235,2.763020066
HM-107,0.722086656
HM-206 ,0.64510257
HM-299,3.09
HM-34,8.17
E. coli OP50,1
HM-38,2.02
HM-341,2.11
HM-340,6
HM-624,1.10918337
HM-354,2.53
HM-44,2.85
HM-751,4.647839543
HM-242,0.347607428
HM-91,0.626294489
HM-115,1.897067007
HM-1,0.21
HM-791,0.31021294
PAO1,3.090101149
HM-158,15.33
HM-87,0.88